{
  "subscriber_count": 12,
  "p50_ack_ms": 10.49195,
  "p95_ack_ms": 13.484894999999998,
  "max_ack_ms": 16.2223,
  "budget_ms": 2000.0,
  "result": "PASS",
  "per_subscriber_ack_ms": {
    "dhan": 16.2223,
    "angelone": 9.1221,
    "kite": 8.7318,
    "alpaca": 8.541,
    "ib": 9.8277,
    "oanda": 8.2081,
    "ccxt-bybit": 8.1823,
    "proposal:0": 11.1562,
    "proposal:1": 11.169,
    "workflow:0": 11.2452,
    "workflow:1": 11.204,
    "workflow:2": 11.192
  }
}